Criptomoneda,Inversión Recomendada,Oportunidad de Compra,Recomendación
BTCUSDT,€30.00,0.25,➡️ Mantener/Aumentar
ETHUSDT,€30.00,0.25,➡️ Mantener/Aumentar
XRPUSDT,€30.00,0.0,⬇️ Reducir exposición
BNBUSDT,€30.00,0.25,➡️ Mantener/Aumentar
SOLUSDT,€30.00,0.25,➡️ Mantener/Aumentar
DOGEUSDT,€30.00,0.0,⬇️ Reducir exposición
USDCUSDT,€30.00,0.25,➡️ Mantener/Aumentar
ADAUSDT,€30.00,0.0,⬇️ Reducir exposición
TRXUSDT,€19.99,0.0,⬇️ Reducir exposición
AVAXUSDT,€15.78,0.0,⬇️ Reducir exposición
XLMUSDT,€14.77,0.0,⬇️ Reducir exposición
LINKUSDT,€14.17,0.0,⬇️ Reducir exposición
SUIUSDT,€13.77,1.0,➡️ Mantener/Aumentar
HBARUSDT,€13.41,0.0,⬇️ Reducir exposición
TONUSDT,€13.37,0.25,➡️ Mantener/Aumentar
SHIBUSDT,€12.72,0.25,➡️ Mantener/Aumentar
DOTUSDT,€10.70,0.0,⬇️ Reducir exposición
BCHUSDT,€8.82,0.25,➡️ Mantener/Aumentar
LTCUSDT,€8.73,0.25,➡️ Mantener/Aumentar
UNIUSDT,€8.35,0.0,⬇️ Reducir exposición
PEPEUSDT,€7.50,0.0,⬇️ Reducir exposición
NEARUSDT,€6.02,0.25,➡️ Mantener/Aumentar
APTUSDT,€5.11,0.0,⬇️ Reducir exposición
ICPUSDT,€5.05,0.0,⬇️ Reducir exposición
AAVEUSDT,€4.59,0.0,⬇️ Reducir exposición
POLUSDT,€3.93,0.25,➡️ Mantener/Aumentar
VETUSDT,€3.91,0.0,⬇️ Reducir exposición
ETCUSDT,€3.91,0.25,➡️ Mantener/Aumentar
ALGOUSDT,€3.85,0.0,⬇️ Reducir exposición
XMRUSDT,€3.82,1.25,➡️ Mantener/Aumentar
RENDERUSDT,€3.74,0.0,⬇️ Reducir exposición
TAOUSDT,€3.61,0.25,➡️ Mantener/Aumentar
OMUSDT,€3.60,0.0,⬇️ Reducir exposición
FILUSDT,€3.34,0.0,⬇️ Reducir exposición
FETUSDT,€3.15,0.0,⬇️ Reducir exposición
ARBUSDT,€3.13,0.0,⬇️ Reducir exposición
ENAUSDT,€2.71,0.0,⬇️ Reducir exposición
ATOMUSDT,€2.50,0.0,⬇️ Reducir exposición
OPUSDT,€2.45,0.0,⬇️ Reducir exposición
TIAUSDT,€2.39,0.0,⬇️ Reducir exposición
THETAUSDT,€2.36,0.0,⬇️ Reducir exposición
STXUSDT,€2.29,0.0,⬇️ Reducir exposición
IMXUSDT,€2.22,0.0,⬇️ Reducir exposición
INJUSDT,€2.18,0.0,⬇️ Reducir exposición
BONKUSDT,€2.16,0.0,⬇️ Reducir exposición
PENGUUSDT,€2.00,0.0,⬇️ Reducir exposición
GRTUSDT,€2.00,0.0,⬇️ Reducir exposición
WLDUSDT,€2.00,0.0,⬇️ Reducir exposición
FDUSDUSDT,€2.00,0.25,➡️ Mantener/Aumentar
SEIUSDT,€2.00,0.0,⬇️ Reducir exposición
MOVEUSDT,€2.00,0.5,➡️ Mantener/Aumentar
LDOUSDT,€2.00,0.0,⬇️ Reducir exposición
WIFUSDT,€2.00,0.0,⬇️ Reducir exposición
RAYUSDT,€2.00,0.0,⬇️ Reducir exposición
FLOKIUSDT,€2.00,0.0,⬇️ Reducir exposición
JASMYUSDT,€2.00,0.0,⬇️ Reducir exposición
SANDUSDT,€2.00,0.0,⬇️ Reducir exposición
IOTAUSDT,€2.00,0.0,⬇️ Reducir exposición
GALAUSDT,€2.00,0.0,⬇️ Reducir exposición
QNTUSDT,€2.00,0.0,⬇️ Reducir exposición
XTZUSDT,€2.00,0.0,⬇️ Reducir exposición
DEXEUSDT,€2.00,0.0,⬇️ Reducir exposición
EOSUSDT,€2.00,0.0,⬇️ Reducir exposición
KAIAUSDT,€2.00,0.0,⬇️ Reducir exposición
MKRUSDT,€2.00,0.25,➡️ Mantener/Aumentar
PYTHUSDT,€2.00,0.25,➡️ Mantener/Aumentar
CRVUSDT,€2.00,0.0,⬇️ Reducir exposición
RUNEUSDT,€2.00,0.0,⬇️ Reducir exposición
FLOWUSDT,€2.00,0.25,➡️ Mantener/Aumentar
ENSUSDT,€2.00,0.0,⬇️ Reducir exposición
NEOUSDT,€2.00,0.0,⬇️ Reducir exposición
BEAMUSDT,€2.00,0.75,➡️ Mantener/Aumentar
ARUSDT,€2.00,0.0,⬇️ Reducir exposición
BTTUSDT,€2.00,0.0,⬇️ Reducir exposición
JUPUSDT,€2.00,0.25,➡️ Mantener/Aumentar
STRKUSDT,€2.00,0.0,⬇️ Reducir exposición
MANAUSDT,€2.00,0.0,⬇️ Reducir exposición
AXSUSDT,€2.00,0.0,⬇️ Reducir exposición
